INSERT INTO Company (CompanyID, CompanyName, CompanyLocation) VALUES
(1, 'Valeo Egypt', 'Alexandria'),
(2, 'ITWorx', 'Mansoura'),
(3, 'Raya Integration', 'Giza'),
(4, 'Orange Labs', 'Suez'),
(5, 'Sumerge', 'Alexandria'),
(6, 'DXC Technology', 'Suez'),
(7, 'NTG Clarity', 'Mansoura'),
(8, 'Link Development', 'Fayoum'),
(9, 'E-Finance', 'Aswan'),
(10, 'Si-Vision', 'Alexandria'),
(11, 'Vodafone Intelligent Solutions', 'Ismailia'),
(12, 'Etisalat Misr', 'Aswan'),
(13, 'WE Data', 'Ismailia'),
(14, 'Instabug', 'Mansoura'),
(15, 'Swvl', 'Aswan'),
(16, 'MoneyFellows', 'Suez'),
(17, 'Fawry', 'Mansoura'),
(18, 'XPay', 'Ismailia'),
(19, 'Elmenus', 'Alexandria'),
(20, 'Trella', 'Ismailia'),
(21, 'Bosta', 'Tanta'),
(22, 'Synapse Analytics', 'Mansoura'),
(23, 'MNT-Halan', 'Zagazig'),
(24, 'Cartona', 'Suez'),
(25, 'Halan', 'Alexandria'),
(26, 'Paymob', 'Fayoum'),
(27, 'Brimore', 'Cairo'),
(28, 'Robusta Studio', 'Giza'),
(29, 'Avidbeam', 'Cairo'),
(30, 'Avidbots Egypt', 'Cairo')


INSERT INTO Department (DeptID, DeptName) VALUES
(1, 'Software Engineering'),
(2, 'Data Science'),
(3, 'Information Security'),
(4, 'Artificial Intelligence'),
(5, 'IT Infrastructure'),
(6, 'Computer Engineering'),
(9, 'Mobile Technology'),
(10, 'Design and Media');


INSERT INTO Track (TrackID, TrackName, NoStudent, DeptID) VALUES
(1, 'Full Stack', 50, 1),
(2, 'Data Analysis', 45, 2),
(3, 'Machine Learning', 40, 4),
(4, 'Cyber Security', 35, 3),
(5, 'DevOps', 30, 5),
(6, 'Mobile Dev', 25, 9),
(7, 'Cloud Architect', 20, 6),
(8, 'Embedded Systems', 18, 6),
(9, 'UI/UX', 22, 10),
(10, 'Network Eng.', 15, 5),
(11, 'Front-End Development', 28, 1),           
(12, 'Back-End Development', 26, 1),            
(13, 'Big Data Engineering', 24, 2),            
(14, 'Data Engineering', 27, 2),                
(15, 'Penetration Testing', 20, 3),             
(16, 'Ethical Hacking', 22, 3),                 
(17, 'Deep Learning', 21, 4),                   
(18, 'NLP Engineer', 18, 4),                    
(19, 'Cloud Security', 17, 5),                  
(20, 'Network Automation', 19, 5),              
(21, 'FPGA Development', 12, 6),                
(22, 'IoT Systems', 14, 6),                     
(23, 'Android Development', 20, 9),             
(24, 'iOS Development', 18, 9),                 
(25, '3D Animation & Graphics', 10, 10),        
(26, 'Game Design', 13, 10);                    




INSERT INTO Branch (BranchID, BranchName, Location) VALUES
(1, 'ITI Smart Village', 'Giza'),
(2, 'ITI Alexandria', 'Alexandria'),
(3, 'ITI Assiut', 'Assiut'),
(4, 'ITI Mansoura', 'Dakahlia'),
(5, 'ITI Menoufia', 'Menoufia'),
(6, 'ITI Fayoum', 'Fayoum'),
(7, 'ITI Ismailia', 'Ismailia'),
(8, 'ITI Sohag', 'Sohag'),
(9, 'ITI Qena', 'Qena'),
(10, 'ITI Aswan', 'Aswan'),
(11, 'ITI Beni Suef', 'Beni Suef'),
(12, 'ITI Minya', 'Minya'),
(13, 'ITI Tanta', 'Gharbia'),
(14, 'ITI Zagazig', 'Sharqia'),
(15, 'ITI Banha', 'Qalyubia');


INSERT INTO Intake (IntakeID, IntakeName, StartDate, EndDate) VALUES
(1, 'Intake 1 - 2023', '2023-01-01', '2023-04-30'),
(2, 'Intake 2 - 2023', '2023-05-01', '2023-08-31'),
(3, 'Intake 3 - 2023', '2023-09-01', '2023-12-31'),

(4, 'Intake 1 - 2024', '2024-01-01', '2024-04-30'),
(5, 'Intake 2 - 2024', '2024-05-01', '2024-08-31'),
(6, 'Intake 3 - 2024', '2024-09-01', '2024-12-31'),

(7, 'Intake 1 - 2025', '2025-01-01', '2025-04-30'),
(8, 'Intake 2 - 2025', '2025-05-01', '2025-08-31'),
(9, 'Intake 3 - 2025', '2025-09-01', '2025-12-31');

INSERT INTO BranchIntakeTrack (BranchID, IntakeID, TrackID) VALUES
-- Full Stack Track in multiple branches and intakes
(1, 1, 1),
(2, 2, 1),
(3, 3, 1),

-- Data Analysis in several locations
(4, 1, 2),
(5, 2, 2),
(6, 3, 2),

-- Machine Learning across years
(1, 4, 3),
(7, 5, 3),
(8, 6, 3),

-- Cyber Security in key branches
(2, 4, 4),
(9, 5, 4),
(10, 6, 4),

-- DevOps and Network tracks
(1, 7, 5),
(11, 8, 5),
(12, 9, 10),

-- Front-End and Back-End in urban branches
(1, 7, 11),
(2, 8, 12),
(3, 9, 12),

-- Ethical Hacking and Penetration Testing
(6, 6, 16),
(7, 7, 15),

-- Cloud Security and Automation
(4, 5, 19),
(5, 6, 20),

-- Mobile Development
(1, 4, 23),
(2, 5, 24),

-- Design and Game tracks
(13, 8, 25),
(14, 9, 26);


INSERT INTO Student (StudentID, StudentName, Email, Gender, Phone, Age, Zip, City, SocialLink, TrackID, CompanyID) VALUES
(1, 'Hany Ibrahim', 'hany1@email.com', 'Male', '01130075675', 25, '12346', 'Alex', 'fb.com/hany1', 2, 2),
(2, 'Mona Fathy', 'mona2@email.com', 'Female', '01113521726', 27, '12347', 'Zagazig', 'fb.com/mona2', 3, 3),
(3, 'Hana Said', 'hana3@email.com', 'Female', '01186260756', 26, '12348', 'Giza', 'fb.com/hana3', 4, 4),
(4, 'Hany Nabil', 'hany4@email.com', 'Male', '01158188071', 20, '12349', 'Giza', 'fb.com/hany4', 5, 5),
(5, 'Youssef Said', 'youssef5@email.com', 'Male', '01195919503', 29, '12350', 'Zagazig', 'fb.com/youssef5', 6, 6),
(6, 'Dina Ibrahim', 'dina6@email.com', 'Female', '01157087604', 25, '12351', 'Fayoum', 'fb.com/dina6', 7, 7),
(7, 'Hany Ali', 'hany7@email.com', 'Male', '01174647588', 27, '12352', 'Cairo', 'fb.com/hany7', 8, 8),
(8, 'Mohamed Mostafa', 'mohamed8@email.com', 'Male', '01154036230', 21, '12353', 'Tanta', 'fb.com/mohamed8', 9, 9),
(9, 'Rania Nabil', 'rania9@email.com', 'Female', '01135216474', 20, '12354', 'Fayoum', 'fb.com/rania9', 10, 10),
(10, 'Ahmed Khaled', 'ahmed10@email.com', 'Male', '01178663622', 26, '12355', 'Giza', 'fb.com/ahmed10', 1, 1),
(11, 'Hana Mostafa', 'hana11@email.com', 'Female', '01143693398', 29, '12356', 'Alex', 'fb.com/hana11', 2, 2),
(12, 'Youssef Gamal', 'youssef12@email.com', 'Male', '01157695714', 27, '12357', 'Zagazig', 'fb.com/youssef12', 3, 3),
(13, 'Omar Mostafa', 'omar13@email.com', 'Male', '01162987496', 21, '12358', 'Mansoura', 'fb.com/omar13', 4, 4),
(14, 'Yasmin Said', 'yasmin14@email.com', 'Female', '01164634373', 27, '12359', 'Ismailia', 'fb.com/yasmin14', 5, 5),
(15, 'Hany Fathy', 'hany15@email.com', 'Male', '01137687088', 24, '12360', 'Banha', 'fb.com/hany15', 6, 6),
(16, 'Ibrahim Samir', 'ibrahim16@email.com', 'Male', '01140846431', 22, '12361', 'Suez', 'fb.com/ibrahim16', 7, 7),
(17, 'Sara Nabil', 'sara17@email.com', 'Female', '01190028835', 29, '12362', 'Ismailia', 'fb.com/sara17', 8, 8),
(18, 'Nourhan Nabil', 'nourhan18@email.com', 'Female', '01117859625', 23, '12363', 'Mansoura', 'fb.com/nourhan18', 9, 9),
(19, 'Ibrahim Samir', 'ibrahim19@email.com', 'Male', '01110583479', 25, '12364', 'Suez', 'fb.com/ibrahim19', 10, 10),
(20, 'Dina Mostafa', 'dina20@email.com', 'Female', '01117960829', 22, '12365', 'Tanta', 'fb.com/dina20', 1, 1),
(21, 'Laila Ibrahim', 'laila21@email.com', 'Female', '01185799609', 28, '12366', 'Mansoura', 'fb.com/laila21', 2, 2),
(22, 'Laila Adel', 'laila22@email.com', 'Female', '01110528881', 30, '12367', 'Giza', 'fb.com/laila22', 3, 3),
(23, 'Omar Khaled', 'omar23@email.com', 'Male', '01142928004', 20, '12368', 'Banha', 'fb.com/omar23', 4, 4),
(24, 'Laila Nabil', 'laila24@email.com', 'Female', '01147614141', 21, '12369', 'Banha', 'fb.com/laila24', 5, 5),
(25, 'Yasmin Mostafa', 'yasmin25@email.com', 'Female', '01191014932', 21, '12370', 'Cairo', 'fb.com/yasmin25', 6, 6),
(26, 'Mostafa Said', 'mostafa26@email.com', 'Male', '01171093876', 30, '12371', 'Suez', 'fb.com/mostafa26', 7, 7),
(27, 'Fatma Gamal', 'fatma27@email.com', 'Female', '01149389262', 21, '12372', 'Suez', 'fb.com/fatma27', 8, 8),
(28, 'Mostafa Adel', 'mostafa28@email.com', 'Male', '01172664653', 26, '12373', 'Giza', 'fb.com/mostafa28', 9, 9),
(29, 'Hassan Gamal', 'hassan29@email.com', 'Male', '01143896474', 20, '12374', 'Zagazig', 'fb.com/hassan29', 10, 10),
(30, 'Hassan Said', 'hassan30@email.com', 'Male', '01158312344', 27, '12375', 'Mansoura', 'fb.com/hassan30', 1, 1),
(31, 'Hany Said', 'hany31@email.com', 'Male', '01116759017', 24, '12376', 'Suez', 'fb.com/hany31', 2, 2),
(32, 'Hany Gamal', 'hany32@email.com', 'Male', '01132282496', 23, '12377', 'Zagazig', 'fb.com/hany32', 3, 3),
(33, 'Ibrahim Gamal', 'ibrahim33@email.com', 'Male', '01110568799', 26, '12378', 'Banha', 'fb.com/ibrahim33', 4, 4),
(34, 'Mostafa Samir', 'mostafa34@email.com', 'Male', '01131800070', 24, '12379', 'Ismailia', 'fb.com/mostafa34', 5, 5),
(35, 'Nadine Nabil', 'nadine35@email.com', 'Female', '01131416175', 28, '12380', 'Alex', 'fb.com/nadine35', 6, 6),
(36, 'Sara Adel', 'sara36@email.com', 'Female', '01168147254', 28, '12381', 'Mansoura', 'fb.com/sara36', 7, 7),
(37, 'Sara Fathy', 'sara37@email.com', 'Female', '01138949469', 22, '12382', 'Fayoum', 'fb.com/sara37', 8, 8),
(38, 'Hana Ibrahim', 'hana38@email.com', 'Female', '01133305267', 21, '12383', 'Ismailia', 'fb.com/hana38', 9, 9),
(39, 'Nadine Said', 'nadine39@email.com', 'Female', '01174291164', 23, '12384', 'Alex', 'fb.com/nadine39', 10, 10),
(40, 'Khaled Khaled', 'khaled40@email.com', 'Male', '01178029782', 22, '12385', 'Zagazig', 'fb.com/khaled40', 1, 1),
(41, 'Mona Adel', 'mona41@email.com', 'Female', '01186574173', 23, '12386', 'Banha', 'fb.com/mona41', 2, 2),
(42, 'Mohamed Gamal', 'mohamed42@email.com', 'Male', '01179469791', 30, '12387', 'Ismailia', 'fb.com/mohamed42', 3, 3),
(43, 'Laila Gamal', 'laila43@email.com', 'Female', '01131911251', 20, '12388', 'Ismailia', 'fb.com/laila43', 4, 4),
(44, 'Ahmed Adel', 'ahmed44@email.com', 'Male', '01141068657', 25, '12389', 'Giza', 'fb.com/ahmed44', 5, 5),
(45, 'Omar Khaled', 'omar45@email.com', 'Male', '01196311516', 25, '12390', 'Suez', 'fb.com/omar45', 6, 6),
(46, 'Hassan Mostafa', 'hassan46@email.com', 'Male', '01184174204', 23, '12391', 'Zagazig', 'fb.com/hassan46', 7, 7),
(47, 'Mostafa Gamal', 'mostafa47@email.com', 'Male', '01141711449', 30, '12392', 'Banha', 'fb.com/mostafa47', 8, 8),
(48, 'Youssef Ali', 'youssef48@email.com', 'Male', '01198314655', 27, '12393', 'Ismailia', 'fb.com/youssef48', 9, 9),
(49, 'Youssef Khaled', 'youssef49@email.com', 'Male', '01126461762', 28, '12394', 'Banha', 'fb.com/youssef49', 10, 10),
(50, 'Omar Gamal', 'omar50@email.com', 'Male', '01140655301', 24, '12395', 'Banha', 'fb.com/omar50', 1, 1),
(51, 'Fatma Mostafa', 'fatma51@email.com', 'Female', '01133077540', 22, '12396', 'Cairo', 'fb.com/fatma51', 2, 2),
(52, 'Khaled Fathy', 'khaled52@email.com', 'Male', '01132757816', 26, '12397', 'Alex', 'fb.com/khaled52', 3, 3),
(53, 'Ahmed Adel', 'ahmed53@email.com', 'Male', '01191551059', 27, '12398', 'Cairo', 'fb.com/ahmed53', 4, 4),
(54, 'Fatma Nabil', 'fatma54@email.com', 'Female', '01133435422', 25, '12399', 'Giza', 'fb.com/fatma54', 5, 5),
(55, 'Laila Fathy', 'laila55@email.com', 'Female', '01182652587', 30, '12400', 'Zagazig', 'fb.com/laila55', 6, 6),
(56, 'Khaled Ibrahim', 'khaled56@email.com', 'Male', '01186892635', 29, '12401', 'Cairo', 'fb.com/khaled56', 7, 7),
(57, 'Omar Fathy', 'omar57@email.com', 'Male', '01154674482', 21, '12402', 'Fayoum', 'fb.com/omar57', 8, 8),
(58, 'Fatma Khaled', 'fatma58@email.com', 'Female', '01158998305', 27, '12403', 'Zagazig', 'fb.com/fatma58', 9, 9),
(59, 'Hassan Samir', 'hassan59@email.com', 'Male', '01194429493', 29, '12404', 'Mansoura', 'fb.com/hassan59', 10, 10),
(60, 'Tamer Samir', 'tamer60@email.com', 'Male', '01170931804', 25, '12405', 'Mansoura', 'fb.com/tamer60', 1, 1),
(61, 'Nadine Gamal', 'nadine61@email.com', 'Female', '01146193600', 21, '12406', 'Alex', 'fb.com/nadine61', 2, 2),
(62, 'Youssef Said', 'youssef62@email.com', 'Male', '01170266474', 23, '12407', 'Giza', 'fb.com/youssef62', 3, 3),
(63, 'Hassan Ali', 'hassan63@email.com', 'Male', '01158942538', 25, '12408', 'Alex', 'fb.com/hassan63', 4, 4),
(64, 'Laila Khaled', 'laila64@email.com', 'Female', '01146121907', 27, '12409', 'Giza', 'fb.com/laila64', 5, 5),
(65, 'Fatma Fathy', 'fatma65@email.com', 'Female', '01114544584', 29, '12410', 'Suez', 'fb.com/fatma65', 6, 6),
(66, 'Mohamed Nabil', 'mohamed66@email.com', 'Male', '01161345793', 29, '12411', 'Banha', 'fb.com/mohamed66', 7, 7),
(67, 'Laila Nabil', 'laila67@email.com', 'Female', '01180299847', 21, '12412', 'Zagazig', 'fb.com/laila67', 8, 8),
(68, 'Mostafa Khaled', 'mostafa68@email.com', 'Male', '01170287370', 22, '12413', 'Fayoum', 'fb.com/mostafa68', 9, 9),
(69, 'Nadine Nabil', 'nadine69@email.com', 'Female', '01112419625', 27, '12414', 'Alex', 'fb.com/nadine69', 10, 10),
(70, 'Ahmed Khaled', 'ahmed70@email.com', 'Male', '01126003750', 28, '12415', 'Giza', 'fb.com/ahmed70', 1, 1),
(71, 'Hany Said', 'hany71@email.com', 'Male', '01168696450', 22, '12416', 'Fayoum', 'fb.com/hany71', 2, 2),
(72, 'Dina Ali', 'dina72@email.com', 'Female', '01164798975', 20, '12417', 'Cairo', 'fb.com/dina72', 3, 3),
(73, 'Khaled Khaled', 'khaled73@email.com', 'Male', '01127258969', 30, '12418', 'Cairo', 'fb.com/khaled73', 4, 4),
(74, 'Hany Mostafa', 'hany74@email.com', 'Male', '01112708389', 24, '12419', 'Alex', 'fb.com/hany74', 5, 5),
(75, 'Mona Khaled', 'mona75@email.com', 'Female', '01176504890', 20, '12420', 'Suez', 'fb.com/mona75', 6, 6),
(76, 'Mohamed Adel', 'mohamed76@email.com', 'Male', '01180402079', 30, '12421', 'Suez', 'fb.com/mohamed76', 7, 7),
(77, 'Dina Nabil', 'dina77@email.com', 'Female', '01113377008', 22, '12422', 'Zagazig', 'fb.com/dina77', 8, 8),
(78, 'Hassan Ali', 'hassan78@email.com', 'Male', '01133188894', 22, '12423', 'Banha', 'fb.com/hassan78', 9, 9),
(79, 'Khaled Mostafa', 'khaled79@email.com', 'Male', '01165720654', 25, '12424', 'Cairo', 'fb.com/khaled79', 10, 10),
(80, 'Nadine Adel', 'nadine80@email.com', 'Female', '01111224977', 27, '12425', 'Cairo', 'fb.com/nadine80', 1, 1),
(81, 'Hana Gamal', 'hana81@email.com', 'Female', '01135672497', 24, '12426', 'Suez', 'fb.com/hana81', 2, 2),
(82, 'Mohamed Nabil', 'mohamed82@email.com', 'Male', '01164750827', 21, '12427', 'Zagazig', 'fb.com/mohamed82', 3, 3),
(83, 'Nourhan Ibrahim', 'nourhan83@email.com', 'Female', '01136490919', 21, '12428', 'Mansoura', 'fb.com/nourhan83', 4, 4),
(84, 'Mostafa Said', 'mostafa84@email.com', 'Male', '01153438638', 29, '12429', 'Fayoum', 'fb.com/mostafa84', 5, 5),
(85, 'Dina Nabil', 'dina85@email.com', 'Female', '01146984615', 30, '12430', 'Ismailia', 'fb.com/dina85', 6, 6),
(86, 'Hana Samir', 'hana86@email.com', 'Female', '01159446183', 23, '12431', 'Banha', 'fb.com/hana86', 7, 7),
(87, 'Laila Ali', 'laila87@email.com', 'Female', '01176084294', 28, '12432', 'Giza', 'fb.com/laila87', 8, 8),
(88, 'Nadine Mostafa', 'nadine88@email.com', 'Female', '01158107229', 24, '12433', 'Tanta', 'fb.com/nadine88', 9, 9),
(89, 'Hany Said', 'hany89@email.com', 'Male', '01195473158', 27, '12434', 'Suez', 'fb.com/hany89', 10, 10),
(90, 'Sara Nabil', 'sara90@email.com', 'Female', '01142925415', 28, '12435', 'Fayoum', 'fb.com/sara90', 1, 1),
(91, 'Sara Ibrahim', 'sara91@email.com', 'Female', '01190887584', 22, '12436', 'Alex', 'fb.com/sara91', 2, 2),
(92, 'Mona Fathy', 'mona92@email.com', 'Female', '01167714504', 22, '12437', 'Mansoura', 'fb.com/mona92', 3, 3),
(93, 'Nourhan Nabil', 'nourhan93@email.com', 'Female', '01166099487', 20, '12438', 'Zagazig', 'fb.com/nourhan93', 4, 4),
(94, 'Hany Gamal', 'hany94@email.com', 'Male', '01141181493', 23, '12439', 'Cairo', 'fb.com/hany94', 5, 5),
(95, 'Omar Khaled', 'omar95@email.com', 'Male', '01173228563', 25, '12440', 'Alex', 'fb.com/omar95', 6, 6),
(96, 'Yasmin Said', 'yasmin96@email.com', 'Female', '01188836967', 25, '12441', 'Cairo', 'fb.com/yasmin96', 7, 7),
(97, 'Mohamed Adel', 'mohamed97@email.com', 'Male', '01198634056', 28, '12442', 'Ismailia', 'fb.com/mohamed97', 8, 8),
(98, 'Khaled Ali', 'khaled98@email.com', 'Male', '01128930471', 20, '12443', 'Banha', 'fb.com/khaled98', 9, 9),
(99, 'Nourhan Adel', 'nourhan99@email.com', 'Female', '01164347208', 20, '12444', 'Mansoura', 'fb.com/nourhan99', 10, 10),
(100, 'Nourhan Samir', 'nourhan100@email.com', 'Female', '01122940819', 30, '12445', 'Zagazig', 'fb.com/nourhan100', 1, 1);

INSERT INTO StudentSkills (StudentID, SkillsText)
VALUES
    (1, 'AWS'),
    (1, 'Project Management'),
    (1, 'Python'),
    (2, 'Power BI'),
    (2, 'CSS'),
    (2, 'HTML'),
    (3, 'Excel'),
    (3, 'SQL'),
    (3, 'Public Speaking'),
    (4, 'Deep Learning'),
    (4, 'Go'),
    (4, 'C++'),
    (5, 'Networking'),
    (5, 'SQL'),
    (5, 'JavaScript'),
    (6, 'JavaScript'),
    (6, 'GCP'),
    (6, 'Perl'),
    (7, 'Python'),
    (7, 'Machine Learning'),
    (7, 'Power BI'),
    (8, 'Kotlin'),
    (8, 'Rust'),
    (8, 'Power BI'),
    (9, 'C++'),
    (9, 'Rust'),
    (9, 'Communication'),
    (10, 'Power BI'),
    (10, 'JavaScript'),
    (10, 'Data Analysis'),
    (11, 'Communication'),
    (11, 'Deep Learning'),
    (11, 'Cybersecurity'),
    (12, 'Tableau'),
    (12, 'Deep Learning'),
    (12, 'Kotlin'),
    (13, 'Cloud Computing'),
    (13, 'Data Analysis'),
    (13, 'Project Management'),
    (14, 'GCP'),
    (14, 'Perl'),
    (14, 'Cloud Computing'),
    (15, 'Public Speaking'),
    (15, 'C#'),
    (15, 'Power BI'),
    (16, 'JavaScript'),
    (16, 'Networking'),
    (16, 'Go'),
    (17, 'Python'),
    (17, 'Tableau'),
    (17, 'C#'),
    (18, 'Cloud Computing'),
    (18, 'Networking'),
    (18, 'SQL'),
    (19, 'Power BI'),
    (19, 'Networking'),
    (19, 'Perl'),
    (20, 'Excel'),
    (20, 'JavaScript'),
    (20, 'Power BI'),
    (21, 'Leadership'),
    (21, 'Azure'),
    (21, 'Excel'),
    (22, 'Java'),
    (22, 'Go'),
    (22, 'AWS'),
    (23, 'Python'),
    (23, 'C#'),
    (23, 'Power BI'),
    (24, 'HTML'),
    (24, 'Perl'),
    (24, 'Machine Learning'),
    (25, 'SQL'),
    (25, 'Power BI'),
    (25, 'Java'),
    (26, 'Data Analysis'),
    (26, 'Azure'),
    (26, 'C++'),
    (27, 'Data Analysis'),
    (27, 'Machine Learning'),
    (27, 'JavaScript'),
    (28, 'Deep Learning'),
    (28, 'C#'),
    (28, 'CSS'),
    (29, 'GCP'),
    (29, 'Python'),
    (29, 'Perl'),
    (30, 'Excel'),
    (30, 'Perl'),
    (30, 'Go'),
    (31, 'Python'),
    (31, 'JavaScript'),
    (31, 'C++'),
    (32, 'Deep Learning'),
    (32, 'Perl'),
    (32, 'Kotlin'),
    (33, 'C++'),
    (33, 'R'),
    (33, 'Networking'),
    (34, 'R'),
    (34, 'Kotlin'),
    (34, 'C++'),
    (35, 'C#'),
    (35, 'Public Speaking'),
    (35, 'Data Analysis'),
    (36, 'SQL'),
    (36, 'R'),
    (36, 'Perl'),
    (37, 'Data Analysis'),
    (37, 'C++'),
    (37, 'Python'),
    (38, 'JavaScript'),
    (38, 'C++'),
    (38, 'Communication'),
    (39, 'Python'),
    (39, 'C#'),
    (39, 'Excel'),
    (40, 'AWS'),
    (40, 'Kotlin'),
    (40, 'Machine Learning'),
    (41, 'Tableau'),
    (41, 'C#'),
    (41, 'Azure'),
    (42, 'Cloud Computing'),
    (42, 'JavaScript'),
    (42, 'Cybersecurity'),
    (43, 'HTML'),
    (43, 'Python'),
    (43, 'R'),
    (44, 'Power BI'),
    (44, 'Python'),
    (44, 'Machine Learning'),
    (45, 'Azure'),
    (45, 'R'),
    (45, 'C++'),
    (46, 'Public Speaking'),
    (46, 'Deep Learning'),
    (46, 'Networking'),
    (47, 'Project Management'),
    (47, 'Python'),
    (47, 'Power BI'),
    (48, 'Cybersecurity'),
    (48, 'Go'),
    (48, 'Perl'),
    (49, 'Deep Learning'),
    (49, 'Perl'),
    (49, 'R'),
    (50, 'Public Speaking'),
    (50, 'GCP'),
    (50, 'AWS'),
    (51, 'CSS'),
    (51, 'Machine Learning'),
    (51, 'Kotlin'),
    (52, 'Networking'),
    (52, 'Perl'),
    (52, 'Python'),
    (53, 'CSS'),
    (53, 'Java'),
    (53, 'Data Analysis'),
    (54, 'CSS'),
    (54, 'C#'),
    (54, 'Machine Learning'),
    (55, 'Scala'),
    (55, 'Excel'),
    (55, 'Perl'),
    (56, 'Tableau'),
    (56, 'AWS'),
    (56, 'R'),
    (57, 'Rust'),
    (57, 'Networking'),
    (57, 'Azure'),
    (58, 'Cybersecurity'),
    (58, 'Public Speaking'),
    (58, 'AWS'),
    (59, 'Cloud Computing'),
    (59, 'Machine Learning'),
    (59, 'Project Management'),
    (60, 'Machine Learning'),
    (60, 'Project Management'),
    (60, 'Networking'),
    (61, 'JavaScript'),
    (61, 'Cloud Computing'),
    (61, 'Rust'),
    (62, 'Tableau'),
    (62, 'HTML'),
    (62, 'Project Management'),
    (63, 'CSS'),
    (63, 'Power BI'),
    (63, 'Rust'),
    (64, 'Kotlin'),
    (64, 'Machine Learning'),
    (64, 'Perl'),
    (65, 'Scala'),
    (65, 'Azure'),
    (65, 'AWS'),
    (66, 'AWS'),
    (66, 'R'),
    (66, 'Power BI'),
    (67, 'Leadership'),
    (67, 'Tableau'),
    (67, 'Excel'),
    (68, 'Power BI'),
    (68, 'AWS'),
    (68, 'Python'),
    (69, 'R'),
    (69, 'Scala'),
    (69, 'GCP'),
    (70, 'Networking'),
    (70, 'Data Analysis'),
    (70, 'GCP'),
    (71, 'GCP'),
    (71, 'Azure'),
    (71, 'R'),
    (72, 'R'),
    (72, 'Perl'),
    (72, 'HTML'),
    (73, 'C#'),
    (73, 'Azure'),
    (73, 'R'),
    (74, 'Power BI'),
    (74, 'SQL'),
    (74, 'C++'),
    (75, 'Perl'),
    (75, 'C#'),
    (75, 'Kotlin'),
    (76, 'JavaScript'),
    (76, 'Kotlin'),
    (76, 'Cybersecurity'),
    (77, 'Cybersecurity'),
    (77, 'Kotlin'),
    (77, 'AWS'),
    (78, 'GCP'),
    (78, 'Communication'),
    (78, 'AWS'),
    (79, 'Kotlin'),
    (79, 'Deep Learning'),
    (79, 'GCP'),
    (80, 'Rust'),
    (80, 'Perl'),
    (80, 'AWS'),
    (81, 'Java'),
    (81, 'Power BI'),
    (81, 'Networking'),
    (82, 'Leadership'),
    (82, 'Cybersecurity'),
    (82, 'Rust'),
    (83, 'Perl'),
    (83, 'Machine Learning'),
    (83, 'CSS'),
    (84, 'Machine Learning'),
    (84, 'Excel'),
    (84, 'Kotlin'),
    (85, 'Deep Learning'),
    (85, 'Python'),
    (85, 'Kotlin'),
    (86, 'AWS'),
    (86, 'C++'),
    (86, 'Power BI'),
    (87, 'C++'),
    (87, 'Excel'),
    (87, 'Perl'),
    (88, 'SQL'),
    (88, 'Perl'),
    (88, 'Leadership'),
    (89, 'GCP'),
    (89, 'Perl'),
    (89, 'Kotlin'),
    (90, 'Azure'),
    (90, 'Communication'),
    (90, 'Go'),
    (91, 'Public Speaking'),
    (91, 'Power BI'),
    (91, 'C++'),
    (92, 'Communication'),
    (92, 'AWS'),
    (92, 'Python'),
    (93, 'Excel'),
    (93, 'R'),
    (93, 'Public Speaking'),
    (94, 'Kotlin'),
    (94, 'Perl'),
    (94, 'JavaScript'),
    (95, 'Tableau'),
    (95, 'Leadership'),
    (95, 'Kotlin'),
    (96, 'Deep Learning'),
    (96, 'Project Management'),
    (96, 'Scala'),
    (97, 'Kotlin'),
    (97, 'Networking'),
    (97, 'Cybersecurity'),
    (98, 'AWS'),
    (98, 'HTML'),
    (98, 'Project Management'),
    (99, 'R'),
    (99, 'Kotlin'),
    (99, 'Project Management'),
    (100, 'JavaScript'),
    (100, 'Scala'),
    (100, 'Java');

INSERT INTO Certificate (CertificateID, CertificateName, CertificateURL)
VALUES
(1, 'Data Analyst Career Path (Beginner)', 'https://www.coursera.org/career-academy/roles/data-analyst?level=beginner&recommenderId=roles-for-level-and-category'),
(2, 'Front-End Developer Career Path (Beginner)', 'https://www.coursera.org/career-academy/roles/front-end-developer?level=beginner&recommenderId=roles-for-level-and-category'),
(3, 'UX Designer Career Path (Beginner)', 'https://www.coursera.org/career-academy/roles/ux-designer?level=beginner&recommenderId=roles-for-level-and-category'),
(4, 'Cybersecurity Analyst Career Path (Beginner)', 'https://www.coursera.org/career-academy/roles/cybersecurity-analyst?level=beginner&recommenderId=roles-for-level-and-category'),
(5, 'Project Manager Career Path (Intermediate)', 'https://www.coursera.org/career-academy/roles/project-manager?level=intermediate&recommenderId=roles-for-level-and-category'),
(6, 'Data Science Professional Certificate by Harvard', 'https://www.edx.org/professional-certificate/harvardx-data-science'),
(7, 'Computer Science for Artificial Intelligence by Harvard', 'https://www.edx.org/professional-certificate/harvardx-computer-science-for-ai'),
(8, 'Full Stack Development by MIT xPro', 'https://xpro.mit.edu/programs/program-v1:xPRO+PFS101+R1/'),
(9, 'AI and Machine Learning for Business by edX', 'https://www.edx.org/learn/artificial-intelligence/artificial-intelligence-and-machine-learning-for-business'),
(10, 'DevOps Professional Certificate by Linux Foundation', 'https://www.edx.org/professional-certificate/linuxfoundation-devops'),
(11, 'Become a Data Analyst', 'https://www.linkedin.com/learning/paths/become-a-data-analyst'),
(12, 'Become a Software Developer', 'https://www.linkedin.com/learning/paths/become-a-software-developer'),
(13, 'Become a Project Manager', 'https://www.linkedin.com/learning/paths/become-a-project-manager'),
(14, 'Become an IT Support Technician', 'https://www.linkedin.com/learning/paths/become-an-it-support-technician'),
(15, 'Become a Cybersecurity Professional', 'https://www.linkedin.com/learning/paths/become-a-cybersecurity-professional'),
(16, 'Azure Fundamentals (AZ-900)', 'https://learn.microsoft.com/en-us/certifications/azure-fundamentals/'),
(17, 'Power Platform Fundamentals (PL-900)', 'https://learn.microsoft.com/en-us/certifications/power-platform-fundamentals/'),
(18, 'Security, Compliance, and Identity Fundamentals (SC-900)', 'https://learn.microsoft.com/en-us/certifications/security-compliance-and-identity-fundamentals/'),
(19, 'Azure AI Fundamentals (AI-900)', 'https://learn.microsoft.com/en-us/certifications/azure-ai-fundamentals/'),
(20, 'Microsoft 365 Fundamentals (MS-900)', 'https://learn.microsoft.com/en-us/certifications/microsoft-365-fundamentals/'),
(21, 'Fundamentals of Digital Marketing', 'https://learndigital.withgoogle.com/digitalgarage/course/digital-marketing'),
(22, 'Machine Learning Crash Course', 'https://learndigital.withgoogle.com/digitalgarage/course/machine-learning-crash-course'),
(23, 'Get Started with Cybersecurity', 'https://learndigital.withgoogle.com/digitalgarage/course/cybersecurity'),
(24, 'Build Your Online Business', 'https://learndigital.withgoogle.com/digitalgarage/course/build-your-business'),
(25, 'Cloud Computing Basics', 'https://learndigital.withgoogle.com/digitalgarage/course/cloud-computing');


INSERT INTO StudentCertificate (StudentID, CertificateID, Grade, IssueDate) VALUES
(1, 1, 'A', '2024-02-10'),
(2, 3, 'B', '2023-11-15'),
(3, 5, 'C', '2023-08-25'),
(4, 2, 'A', '2024-01-20'),
(5, 7, 'B', '2023-10-05'),
(6, 4, 'C', '2023-07-18'),
(7, 6, 'A', '2023-09-12'),
(8, 8, 'B', '2024-03-03'),
(9, 1, 'C', '2023-12-01'),
(10, 9, 'B', '2023-11-30'),
(11, 10, 'D', '2024-04-14'),
(12, 11, 'A', '2024-01-07'),
(13, 12, 'B', '2023-06-06'),
(14, 13, 'C', '2024-02-22'),
(15, 14, 'B', '2024-03-15'),
(16, 15, 'A', '2023-09-28'),
(17, 16, 'C', '2024-04-02'),
(18, 17, 'B', '2023-08-16'),
(19, 18, 'A', '2024-01-31'),
(20, 19, 'D', '2024-02-10'),
(21, 20, 'B', '2024-03-11'),
(22, 21, 'A', '2023-05-05'),
(23, 22, 'C', '2023-07-20'),
(24, 23, 'A', '2023-11-08'),
(25, 24, 'B', '2023-10-17'),
(26, 25, 'C', '2024-01-29'),
(27, 1, 'A', '2023-06-18'),
(28, 3, 'B', '2023-07-27'),
(29, 5, 'C', '2024-02-04'),
(30, 2, 'D', '2023-11-13'),
(31, 6, 'B', '2023-09-01'),
(32, 8, 'A', '2023-12-09'),
(33, 7, 'F', '2023-08-05'),
(34, 10, 'B', '2023-10-10'),
(35, 9, 'C', '2023-12-18'),
(36, 11, 'A', '2024-03-26'),
(37, 12, 'B', '2024-04-22'),
(38, 13, 'C', '2023-06-30'),
(39, 14, 'D', '2023-07-11'),
(40, 15, 'E', '2024-02-08'),
(41, 16, 'B', '2023-11-20'),
(42, 17, 'A', '2024-01-10'),
(43, 18, 'C', '2023-09-25'),
(44, 19, 'B', '2023-12-03'),
(45, 20, 'D', '2023-07-14'),
(46, 21, 'A', '2024-03-30'),
(47, 22, 'B', '2023-10-28'),
(48, 23, 'C', '2024-01-13'),
(49, 24, 'F', '2024-02-15'),
(50, 25, 'B', '2023-09-05'),
(51, 1, 'A', '2023-11-09'),
(52, 3, 'C', '2023-08-14'),
(53, 4, 'B', '2023-12-22'),
(54, 6, 'A', '2023-10-02'),
(55, 7, 'C', '2024-03-08'),
(56, 9, 'D', '2023-11-12'),
(57, 10, 'B', '2023-06-19'),
(58, 11, 'A', '2024-04-18'),
(59, 12, 'B', '2023-09-21'),
(60, 13, 'C', '2023-08-30'),
(61, 14, 'D', '2023-07-03'),
(62, 15, 'A', '2023-12-28'),
(63, 17, 'B', '2024-02-06'),
(64, 18, 'C', '2024-01-25'),
(65, 20, 'D', '2024-03-05'),
(66, 21, 'B', '2023-10-07'),
(67, 22, 'C', '2024-01-02'),
(68, 24, 'A', '2023-09-23'),
(69, 25, 'B', '2023-12-30'),
(70, 19, 'C', '2024-02-01');

INSERT INTO Job (JobID, JobDescription, Platform, StudentID) VALUES
(11, 'Freelance WordPress Website Development', 'Upwork', 11),
(12, 'Logo Design for Startup', 'Fiverr', 12),
(13, 'Create Marketing Video Animation', 'Freelancer', 13),
(14, 'Build E-commerce Website on Shopify', 'Upwork', 14),
(15, 'Penetration Testing for Small Business Site', 'Fiverr', 6),
(16, 'Data Cleaning and Processing Project', 'Freelancer', 3),
(17, 'Social Media Banners & Thumbnails', 'Freelancer', 12),
(18, 'Develop Mobile Game Prototype', 'Upwork', 10),
(19, 'Design Business Presentation Template', 'Fiverr', 12),
(20, 'Build REST API using Django', 'Freelancer', 11),
(21, 'Voiceover for Educational YouTube Video', 'Fiverr', NULL),
(22, 'Fix Bugs in React Native App', 'Freelancer', NULL),
(23, 'Edit and Enhance Podcast Audio', 'Upwork', NULL),
(24, 'Translate Document from Arabic to English', 'Fiverr', NULL),
(25, '3D Model for Game Asset', 'Freelancer', NULL),
(26, 'DevOps Automation Script Development', 'Freelancer', 15),
(27, 'iOS Mobile App Testing & QA', 'Upwork', 16),
(28, 'Build API Gateway for Microservices', 'LinkedIn', 17),
(29, 'Cloud Architecture Documentation', 'Remote OK', 18),
(30, 'Embedded Systems Firmware Debugging', 'Freelancer', 19),
(31, 'UX Review & Wireframe Redesign', 'Fiverr', 20),
(32, 'SEO Optimization for Blog Website', 'Freelancer', 21),
(33, 'Digital Marketing Strategy Plan', 'Upwork', 22),
(34, 'Linux Server Configuration', 'Freelancer', 23),
(35, 'React.js Dashboard for Analytics App', 'LinkedIn', 24),
(36, 'Python Script for Data Extraction', 'Upwork', 25),
(37, 'Logo & Branding Kit for Nonprofit', 'Fiverr', 26),
(38, 'Design Interactive e-Learning Modules', 'Freelancer', 27),
(39, 'Create CI/CD Pipeline with Jenkins', 'Remote OK', 15),
(40, 'Build Chatbot with NLP for Website', 'Internshala', 28),
(41, 'Automate Reports with Excel VBA', 'Freelancer', 29),
(42, 'Game UI Asset Design', 'Fiverr', 30),
(43, 'Build Resume Parser with NLP', 'LinkedIn', 31),
(44, 'Cloud Security Audit Report', 'Upwork', 32),
(45, 'Deploy Django App to AWS', 'Freelancer', 33),
(46, 'Video Editing for Startup Pitch', 'Fiverr', 34),
(47, 'Create Infographic Set for Education Site', 'Fiverr', 26),
(48, 'Develop Flutter Plugin for Payment Gateway', 'Freelancer', 16),
(49, 'Translate Tech Manual (French to English)', 'Upwork', 35),
(50, 'Full Stack MVP for SaaS App', 'Freelancer', 28),
(51, 'Refactor Legacy PHP Codebase', 'Freelancer', NULL),
(52, 'Build Interactive Data Dashboard with Tableau', 'Upwork', NULL),
(53, 'Design VR Environment for Training', 'Freelancer', NULL),
(54, 'Integrate Payment API in Mobile App', 'Fiverr', NULL),
(55, 'WordPress Plugin Security Fix', 'Freelancer', NULL);

INSERT INTO Instructor (InstructorID, InsName, Email, Phone, Gender, Specialization, DeptID) VALUES
(1, 'Ahmed ElSayed', 'a.elsayed@iti.edu.eg', '01001234567', 'Male', 'Web Development', 1),
(2, 'Mona Hassan', 'm.hassan@iti.edu.eg', '01002234567', 'Female', 'Frontend Engineering', 1),
(3, 'Khaled Mostafa', 'k.mostafa@iti.edu.eg', '01003234567', 'Male', 'Big Data Analytics', 2),
(4, 'Sara Adel', 's.adel@iti.edu.eg', '01004234567', 'Female', 'Data Visualization', 2),
(5, 'Tamer Youssef', 't.youssef@iti.edu.eg', '01005234567', 'Male', 'Cyber Security', 3),
(6, 'Reem Magdy', 'r.magdy@iti.edu.eg', '01006234567', 'Female', 'Ethical Hacking', 3),
(7, 'Omar Fathy', 'o.fathy@iti.edu.eg', '01007234567', 'Male', 'Natural Language Processing', 4),
(8, 'Nourhan Samir', 'n.samir@iti.edu.eg', '01008234567', 'Female', 'Deep Learning', 4),
(9, 'Mohamed Ibrahim', 'm.ibrahim@iti.edu.eg', '01009234567', 'Male', 'Cloud Infrastructure', 5),
(10, 'Lamia Gamal', 'l.gamal@iti.edu.eg', '01010234567', 'Female', 'Network Engineering', 5),
(11, 'Hazem Nabil', 'h.nabil@iti.edu.eg', '01011234567', 'Male', 'Embedded Systems', 6),
(12, 'Yasmin Reda', 'y.reda@iti.edu.eg', '01012234567', 'Female', 'IoT Systems', 6),
(13, 'Sherif Hanafy', 's.hanafy@iti.edu.eg', '01013234567', 'Male', 'Mobile App Development', 9),
(14, 'Dina Hossam', 'd.hossam@iti.edu.eg', '01014234567', 'Female', 'Android Development', 9),
(15, 'Alaa Morsi', 'a.morsi@iti.edu.eg', '01015234567', 'Male', 'UI/UX Design', 10),
(16, 'Marwa Zaki', 'm.zaki@iti.edu.eg', '01016234567', 'Female', '3D Animation', 10),
(17, 'Fady Farouk', 'f.farouk@iti.edu.eg', '01017234567', 'Male', 'Backend Development', 1),
(18, 'Nahla Saad', 'n.saad@iti.edu.eg', '01018234567', 'Female', 'Data Engineering', 2),
(19, 'Hossam Badr', 'h.badr@iti.edu.eg', '01019234567', 'Male', 'Cloud Security', 5),
(20, 'Rania Ehab', 'r.ehab@iti.edu.eg', '01020234567', 'Female', 'Penetration Testing', 3);

UPDATE dbo.Department SET ManagerID = 1 WHERE DeptID = 1
UPDATE dbo.Department SET ManagerID = 3 WHERE DeptID = 2
UPDATE dbo.Department SET ManagerID = 6 WHERE DeptID = 3
UPDATE dbo.Department SET ManagerID = 8 WHERE DeptID = 4
UPDATE dbo.Department SET ManagerID = 10 WHERE DeptID = 5
UPDATE dbo.Department SET ManagerID = 11 WHERE DeptID = 6
UPDATE dbo.Department SET ManagerID = 14 WHERE DeptID = 9
UPDATE dbo.Department SET ManagerID = 15 WHERE DeptID = 10


INSERT INTO InsBranch (InstructorID, BranchID) VALUES
(1, 1),
(1, 3),
(1, 5),
(2, 2),
(2, 4),
(2, 6),
(3, 3),
(3, 7),
(3, 9),
(4, 1),
(4, 4),
(4, 10),
(5, 5),
(5, 11),
(6, 6),
(6, 8),
(6, 12),
(7, 7),
(7, 13),
(8, 8),
(8, 1),
(8, 14),
(9, 9),
(9, 3),
(10, 10),
(10, 15),
(10, 5),
(11, 11),
(11, 6),
(11, 2),
(12, 12),
(12, 8),
(12, 4),
(13, 13),
(13, 9),
(14, 14),
(14, 10),
(14, 1),
(15, 15),
(15, 12),
(15, 6),
(16, 2),
(16, 5),
(16, 13),
(17, 3),
(17, 7),
(18, 4),
(18, 9),
(18, 14),
(19, 11),
(19, 15),
(20, 1),
(20, 10),
(20, 8);

INSERT INTO Course (CourseID, Title, CreditHours) VALUES
(1, 'HTML & CSS', 2),
(2, 'JavaScript Basics', 3),
(3, 'React Framework', 3),
(4, 'Node.js Backend', 4),
(5, 'SQL for Developers', 2),

(6, 'Excel for Analysis', 2),
(7, 'Power BI', 3),
(8, 'Python for Data Analysis', 4),
(9, 'Data Visualization', 3),
(10, 'Statistics Fundamentals', 2),

(11, 'Intro to Machine Learning', 3),
(12, 'Supervised Learning', 4),
(13, 'Unsupervised Learning', 3),
(14, 'Model Evaluation', 2),
(15, 'ML with Python', 3),

(16, 'Network Security', 3),
(17, 'Ethical Hacking Basics', 2),
(18, 'Cyber Threats', 3),
(19, 'Firewalls & VPNs', 2),
(20, 'Security Policies', 2),

(21, 'CI/CD Tools', 3),
(22, 'Docker & Kubernetes', 4),
(23, 'Cloud Fundamentals', 2),
(24, 'Linux for DevOps', 3),
(25, 'Monitoring & Logging', 3),

(26, 'Java for Android', 3),
(27, 'Kotlin Basics', 2),
(28, 'Android UI Design', 3),
(29, 'APIs in Mobile', 2),
(30, 'Firebase Integration', 3),

(31, 'Cloud Computing', 2),
(32, 'AWS Services', 3),
(33, 'Azure Fundamentals', 3),
(34, 'Cloud Security', 2),
(35, 'Cloud Architecture', 4),

(36, 'Embedded C', 2),
(37, 'Microcontrollers', 3),
(38, 'RTOS Basics', 3),
(39, 'Hardware Programming', 4),
(40, 'IoT with Arduino', 2),

(41, 'UI Principles', 2),
(42, 'UX Research', 3),
(43, 'Prototyping Tools', 2),
(44, 'Figma Design', 3),
(45, 'Design Systems', 3),

(46, 'Networking Basics', 2),
(47, 'Routing & Switching', 3),
(48, 'Network Protocols', 3),
(49, 'CCNA Prep', 4),
(50, 'Network Security Intro', 2),

(51, 'HTML & CSS Advanced', 3),
(52, 'JS DOM Manipulation', 2),
(53, 'React Components', 3),
(54, 'Responsive Design', 3),
(55, 'Front-End Deployment', 2),

(56, 'C# for Web', 3),
(57, 'ASP.NET Core', 4),
(58, 'Database Integration', 3),
(59, 'API Development', 3),
(60, 'Authentication', 2),

(61, 'Hadoop Fundamentals', 3),
(62, 'MapReduce', 4),
(63, 'Hive & Pig', 2),
(64, 'Big Data Tools', 3),
(65, 'Spark Basics', 3),

(66, 'ETL Processes', 2),
(67, 'Data Pipelines', 3),
(68, 'Data Warehousing', 4),
(69, 'Airflow Scheduling', 3),
(70, 'DataOps Concepts', 2),

(71, 'Web App Hacking', 3),
(72, 'Pen Testing Tools', 2),
(73, 'Vulnerability Assessment', 3),
(74, 'Burp Suite Basics', 2),
(75, 'Secure Coding', 3),

(76, 'Ethical Hacking Intro', 3),
(77, 'Social Engineering', 2),
(78, 'Footprinting & Recon', 3),
(79, 'Malware Analysis', 4),
(80, 'Wireless Security', 3),

(81, 'Neural Networks', 4),
(82, 'TensorFlow Basics', 3),
(83, 'Deep Learning Models', 3),
(84, 'CNN Applications', 2),
(85, 'Model Optimization', 3),

(86, 'Text Preprocessing', 3),
(87, 'NLP with Python', 4),
(88, 'Word Embeddings', 2),
(89, 'Text Classification', 3),
(90, 'Transformers Intro', 3),

(91, 'Security in Cloud', 3),
(92, 'IAM Policies', 2),
(93, 'Cloud Risk Management', 3),
(94, 'Compliance & Standards', 3),
(95, 'Incident Response', 2),

(96, 'Python for Automation', 2),
(97, 'Network Scripting', 3),
(98, 'REST APIs for Networks', 3),
(99, 'Netmiko & NAPALM', 4),
(100, 'Ansible for Networks', 2),

(101, 'VHDL Basics', 3),
(102, 'FPGA Design', 4),
(103, 'Digital Logic', 2),
(104, 'HDL Simulation', 3),
(105, 'Timing Analysis', 2),

(106, 'IoT Architecture', 3),
(107, 'Sensors & Actuators', 2),
(108, 'MQTT Protocol', 3),
(109, 'Edge Computing', 2),
(110, 'IoT Security', 3),

(111, 'Android UI', 3),
(112, 'Android Activities', 2),
(113, 'SQLite in Android', 3),
(114, 'Background Services', 2),
(115, 'Publishing App', 2),

(116, 'Swift Basics', 3),
(117, 'iOS UI Design', 2),
(118, 'Core Data', 3),
(119, 'iOS App Lifecycle', 3),
(120, 'Xcode Projects', 2),

(121, '3D Modeling', 4),
(122, 'Animation Principles', 3),
(123, 'Rendering Techniques', 3),
(124, 'Character Design', 2),
(125, 'Storyboarding', 2),

(126, 'Game Mechanics', 3),
(127, 'Unity Basics', 3),
(128, 'C# for Games', 3),
(129, 'Level Design', 2),
(130, 'Game Testing', 2);





INSERT INTO Topic (TopicID, TopicName, CourseID) VALUES
(1, 'HTML Elements & Structure', 1),
(2, 'CSS Styling & Layouts', 1),
(3, 'Responsive Design', 1),
(4, 'Variables and Data Types', 2),
(5, 'Functions and Scope', 2),
(6, 'DOM Manipulation', 2),
(7, 'JSX and Components', 3),
(8, 'State and Props', 3),
(9, 'Hooks and Lifecycle', 3),
(10, 'Node.js Basics', 4),
(11, 'Express Framework', 4),
(12, 'Middleware and Routing', 4),
(13, 'SQL Queries', 5),
(14, 'Joins and Subqueries', 5),
(15, 'Database Normalization', 5),
(16, 'Formulas and Functions', 6),
(17, 'PivotTables', 6),
(18, 'Data Cleaning Techniques', 6),
(19, 'Data Modeling', 7),
(20, 'DAX Expressions', 7),
(21, 'Dashboard Design', 7),
(22, 'Pandas and DataFrames', 8),
(23, 'Data Cleaning', 8),
(24, 'File I/O in Python', 8),
(25, 'Matplotlib Basics', 9),
(26, 'Seaborn Charts', 9),
(27, 'Interactive Dashboards', 9),
(28, 'Descriptive Statistics', 10),
(29, 'Probability Distributions', 10),
(30, 'Hypothesis Testing', 10),
(31, 'ML Concepts and Types', 11),
(32, 'Model Training Process', 11),
(33, 'Data Preprocessing', 11),
(34, 'Regression Algorithms', 12),
(35, 'Classification Models', 12),
(36, 'Model Evaluation Metrics', 12),
(37, 'Clustering Techniques', 13),
(38, 'Dimensionality Reduction', 13),
(39, 'Anomaly Detection', 13),
(40, 'Confusion Matrix', 14),
(41, 'Precision & Recall', 14),
(42, 'Cross-Validation', 14),
(43, 'scikit-learn Library', 15),
(44, 'Pipeline Creation', 15),
(45, 'Model Deployment Basics', 15),
(46, 'OSI and TCP/IP Models', 16),
(47, 'Encryption Techniques', 16),
(48, 'Security Protocols', 16),
(49, 'Hacking Phases', 17),
(50, 'Footprinting & Scanning', 17),
(51, 'Exploitation Techniques', 17),
(52, 'Malware Types', 18),
(53, 'Social Engineering', 18),
(54, 'Phishing Attacks', 18),
(55, 'Firewall Configurations', 19),
(56, 'VPN Protocols', 19),
(57, 'Network Access Control', 19),
(58, 'Policy Creation', 20),
(59, 'Risk Management', 20),
(60, 'Compliance Standards', 20),
(61, 'Version Control with Git', 21),
(62, 'Jenkins Pipelines', 21),
(63, 'Automated Testing', 21),
(64, 'Docker Images & Containers', 22),
(65, 'Kubernetes Basics', 22),
(66, 'Orchestration and Scaling', 22),
(67, 'Cloud Service Models', 23),
(68, 'Deployment Models', 23),
(69, 'Cloud Security Basics', 23),
(70, 'Shell Scripting', 24),
(71, 'Package Management', 24),
(72, 'System Monitoring Tools', 24),
(73, 'Log Aggregation', 25),
(74, 'Monitoring Metrics', 25),
(75, 'Alerting and Dashboards', 25);


INSERT INTO TrackCourse (TrackID, CourseID) VALUES
(1, 1), (1, 2), (1, 3), (1, 4), (1, 5),
(2, 6), (2, 7), (2, 8), (2, 9), (2, 10),
(3, 11), (3, 12), (3, 13), (3, 14), (3, 15),
(4, 16), (4, 17), (4, 18), (4, 19), (4, 20),
(5, 21), (5, 22), (5, 23), (5, 24), (5, 25),
(6, 26), (6, 27), (6, 28), (6, 29), (6, 30),
(7, 31), (7, 32), (7, 33), (7, 34), (7, 35),
(8, 36), (8, 37), (8, 38), (8, 39), (8, 40),
(9, 41), (9, 42), (9, 43), (9, 44), (9, 45),
(10, 46), (10, 47), (10, 48), (10, 49), (10, 50),
(11, 51), (11, 52), (11, 53), (11, 54), (11, 55),
(12, 56), (12, 57), (12, 58), (12, 59), (12, 60),
(13, 61), (13, 62), (13, 63), (13, 64), (13, 65),
(14, 66), (14, 67), (14, 68), (14, 69), (14, 70),
(15, 71), (15, 72), (15, 73), (15, 74), (15, 75),
(16, 76), (16, 77), (16, 78), (16, 79), (16, 80),
(17, 81), (17, 82), (17, 83), (17, 84), (17, 85),
(18, 86), (18, 87), (18, 88), (18, 89), (18, 90),
(19, 91), (19, 92), (19, 93), (19, 94), (19, 95),
(20, 96), (20, 97), (20, 98), (20, 99), (20, 100),
(21, 101), (21, 102), (21, 103), (21, 104), (21, 105),
(22, 106), (22, 107), (22, 108), (22, 109), (22, 110),
(23, 111), (23, 112), (23, 113), (23, 114), (23, 115),
(24, 116), (24, 117), (24, 118), (24, 119), (24, 120),
(25, 121), (25, 122), (25, 123), (25, 124), (25, 125),
(26, 126), (26, 127), (26, 128), (26, 129), (26, 130)



-- InstructorID-CourseID mapping with overlapping courses

INSERT INTO InsCourse (InstructorID, CourseID) VALUES
-- Instructors 1-5
(1, 1), (1, 3), (1, 5), (1, 11), (1, 56), (1, 25),
(2, 1), (2, 2), (2, 5), (2, 15), (2, 58), (2, 25),
(3, 3), (3, 4), (3, 5), (3, 11), (3, 56), (3, 57),
(4, 2), (4, 5), (4, 13), (4, 15), (4, 59), (4, 25),
(5, 3), (5, 4), (5, 11), (5, 12), (5, 56), (5, 60),

-- Instructors 6–10
(6, 6), (6, 7), (6, 8), (6, 9), (6, 10), (6, 64),
(7, 6), (7, 7), (7, 14), (7, 64), (7, 65), (7, 70),
(8, 6), (8, 8), (8, 9), (8, 12), (8, 63), (8, 68),
(9, 7), (9, 10), (9, 13), (9, 64), (9, 66), (9, 69),
(10, 6), (10, 14), (10, 15), (10, 64), (10, 67), (10, 70),

-- Instructors 11–15
(11, 16), (11, 17), (11, 18), (11, 19), (11, 20),
(12, 17), (12, 18), (12, 19), (12, 20), (12, 50),
(13, 16), (13, 18), (13, 20), (13, 48), (13, 47),
(14, 16), (14, 17), (14, 49), (14, 50), (14, 46),
(15, 16), (15, 19), (15, 48), (15, 20), (15, 47),

-- Instructors 16–20
(16, 21), (16, 22), (16, 23), (16, 24), (16, 25),
(17, 22), (17, 23), (17, 24), (17, 35), (17, 34),
(18, 21), (18, 24), (18, 25), (18, 34), (18, 32),
(19, 22), (19, 24), (19, 33), (19, 35), (19, 23),
(20, 21), (20, 22), (20, 23), (20, 34), (20, 31);

delete from InsCourse


INSERT INTO StudentCourseRating (StudentID, CourseID, Date, Rating) VALUES
(2, 1, '2024-01-10', 5),
(2, 2, '2024-02-15', 4),
(3, 3, '2024-03-20', 5),
(4, 4, '2024-04-25', 3),
(5, 5, '2024-05-05', 4),
(6, 6, '2024-06-10', 5),
(7, 7, '2024-07-15', 4),
(8, 8, '2024-08-20', 3),
(9, 9, '2024-09-25', 5),
(10, 10, '2024-10-30', 4);


INSERT INTO StudentEnrollment (StudentID, CourseID, EnrollmentDate) VALUES
(1, 128, '2025-04-14'),
(1, 28, '2023-12-22'),
(1, 107, '2024-06-03'),
(1, 32, '2025-08-20'),
(1, 14, '2025-10-24'),
(2, 126, '2023-03-23'),
(2, 11, '2025-12-27'),
(2, 112, '2023-10-06'),
(2, 21, '2023-05-17'),
(2, 17, '2023-01-08'),
(3, 19, '2025-03-13'),
(3, 23, '2023-07-18'),
(3, 24, '2025-02-28'),
(3, 128, '2023-05-22'),
(3, 112, '2024-06-17'),
(4, 22, '2025-07-01'),
(4, 91, '2023-04-08'),
(4, 6, '2024-04-06'),
(4, 70, '2023-11-26'),
(4, 112, '2023-02-16'),
(5, 22, '2025-05-02'),
(5, 104, '2024-01-19'),
(5, 82, '2024-09-14'),
(5, 127, '2025-07-10'),
(5, 105, '2023-03-12'),
(6, 111, '2023-07-08'),
(6, 54, '2023-04-26'),
(6, 4, '2023-07-15'),
(6, 7, '2025-01-24'),
(6, 58, '2024-12-21'),
(7, 89, '2023-02-02'),
(7, 4, '2023-04-07'),
(7, 126, '2025-12-08'),
(7, 29, '2024-09-01'),
(7, 130, '2023-12-14'),
(8, 98, '2023-08-19'),
(8, 101, '2025-02-12'),
(8, 80, '2024-07-19'),
(8, 121, '2025-07-20'),
(8, 124, '2024-06-25'),
(9, 79, '2025-11-02'),
(9, 84, '2025-02-15'),
(9, 63, '2024-06-05'),
(9, 95, '2025-11-02'),
(9, 105, '2023-03-14'),
(10, 94, '2024-11-24'),
(10, 9, '2024-01-10'),
(10, 79, '2024-01-28'),
(10, 122, '2023-11-25'),
(10, 71, '2023-02-25'),
(11, 90, '2025-02-14'),
(11, 61, '2024-04-19'),
(11, 26, '2024-11-14'),
(11, 111, '2023-02-09'),
(11, 73, '2025-07-12'),
(12, 129, '2023-02-16'),
(12, 26, '2024-03-30'),
(12, 105, '2023-08-28'),
(12, 117, '2023-08-11'),
(12, 2, '2025-12-21'),
(13, 90, '2025-03-17'),
(13, 4, '2025-09-18'),
(13, 61, '2023-10-31'),
(13, 42, '2023-02-02'),
(13, 51, '2023-05-24'),
(14, 114, '2025-02-09'),
(14, 70, '2025-04-30'),
(14, 64, '2024-03-08'),
(14, 97, '2023-07-11'),
(14, 106, '2024-08-20'),
(15, 75, '2025-05-14'),
(15, 70, '2023-08-11'),
(15, 121, '2024-04-13'),
(15, 96, '2023-05-10'),
(15, 112, '2023-01-15'),
(16, 130, '2025-09-27'),
(16, 30, '2023-02-20'),
(16, 92, '2023-09-16'),
(16, 45, '2023-02-02'),
(16, 100, '2024-12-03'),
(17, 99, '2024-01-12'),
(17, 110, '2025-02-20'),
(17, 35, '2024-02-21'),
(17, 83, '2024-11-13'),
(17, 128, '2025-10-13'),
(18, 2, '2025-09-06'),
(18, 97, '2023-12-02'),
(18, 7, '2025-03-27'),
(18, 117, '2024-11-29'),
(18, 73, '2025-11-11'),
(19, 20, '2025-04-29'),
(19, 24, '2025-02-25'),
(19, 2, '2025-09-21'),
(19, 64, '2023-02-07'),
(19, 16, '2024-05-07'),
(20, 122, '2023-12-25'),
(20, 60, '2025-01-17'),
(20, 33, '2025-08-27'),
(20, 56, '2023-03-04'),
(20, 30, '2024-06-21'),
(21, 21, '2024-04-27'),
(21, 108, '2024-02-11'),
(21, 101, '2024-05-18'),
(21, 81, '2024-03-06'),
(21, 26, '2024-03-30'),
(22, 42, '2025-07-27'),
(22, 16, '2025-03-09'),
(22, 87, '2025-04-22'),
(22, 83, '2024-09-25'),
(22, 92, '2024-02-25'),
(23, 24, '2025-12-31'),
(23, 126, '2024-01-02'),
(23, 29, '2023-09-11'),
(23, 49, '2025-01-01'),
(23, 114, '2024-07-25'),
(24, 90, '2024-06-28'),
(24, 121, '2023-05-08'),
(24, 22, '2024-10-04'),
(24, 70, '2024-05-12'),
(24, 6, '2024-03-12'),
(25, 12, '2024-04-27'),
(25, 72, '2023-05-22'),
(25, 40, '2025-02-12'),
(25, 11, '2025-04-18'),
(25, 15, '2024-01-23'),
(26, 47, '2025-08-12'),
(26, 126, '2023-02-10'),
(26, 13, '2024-10-04'),
(26, 93, '2025-02-11'),
(26, 25, '2025-03-14'),
(27, 31, '2024-12-27'),
(27, 89, '2023-11-12'),
(27, 100, '2025-01-06'),
(27, 88, '2025-08-28'),
(27, 67, '2024-05-09'),
(28, 57, '2024-09-13'),
(28, 16, '2025-12-29'),
(28, 64, '2023-12-14'),
(28, 43, '2023-10-06'),
(28, 18, '2025-12-05'),
(29, 106, '2023-06-16'),
(29, 108, '2024-05-11'),
(29, 32, '2023-12-07'),
(29, 72, '2025-06-17'),
(29, 63, '2023-04-19'),
(30, 76, '2023-07-17'),
(30, 6, '2025-01-23'),
(30, 27, '2025-09-29'),
(30, 37, '2023-01-06'),
(30, 39, '2024-03-17'),
(31, 95, '2025-04-13'),
(31, 66, '2024-11-12'),
(31, 130, '2025-06-04'),
(31, 57, '2023-07-11'),
(31, 73, '2025-12-26'),
(32, 94, '2023-07-03'),
(32, 18, '2024-03-26'),
(32, 48, '2025-07-06'),
(32, 25, '2024-08-16'),
(32, 69, '2023-03-11'),
(33, 31, '2023-02-18'),
(33, 98, '2025-06-10'),
(33, 10, '2024-09-04'),
(33, 59, '2024-09-12'),
(33, 20, '2023-08-01'),
(34, 75, '2023-01-16'),
(34, 123, '2024-12-26'),
(34, 12, '2023-03-07'),
(34, 42, '2024-04-10'),
(34, 110, '2023-07-05'),
(35, 23, '2024-09-25'),
(35, 88, '2023-07-03'),
(35, 31, '2023-08-09'),
(35, 64, '2023-09-10'),
(35, 75, '2024-06-18'),
(36, 13, '2025-04-10'),
(36, 22, '2023-06-15'),
(36, 25, '2025-10-31'),
(36, 114, '2023-12-28'),
(36, 111, '2023-01-18'),
(37, 17, '2023-03-23'),
(37, 96, '2023-09-21'),
(37, 34, '2025-08-16'),
(37, 86, '2023-11-25'),
(37, 123, '2025-12-30'),
(38, 23, '2025-10-08'),
(38, 69, '2024-06-05'),
(38, 99, '2025-06-22'),
(38, 89, '2025-12-24'),
(38, 7, '2023-06-10'),
(39, 26, '2023-11-25'),
(39, 85, '2023-12-06'),
(39, 44, '2023-07-29'),
(39, 92, '2023-07-11'),
(39, 43, '2025-05-06'),
(40, 72, '2025-07-30'),
(40, 92, '2025-04-25'),
(40, 70, '2024-11-29'),
(40, 29, '2025-11-01'),
(40, 28, '2024-07-12'),
(41, 99, '2023-09-15'),
(41, 69, '2025-12-14'),
(41, 48, '2023-12-03'),
(41, 8, '2025-06-18'),
(41, 32, '2025-07-05'),
(42, 23, '2025-05-17'),
(42, 7, '2024-12-16'),
(42, 45, '2025-05-31'),
(42, 120, '2023-08-22'),
(42, 26, '2025-05-23'),
(43, 113, '2025-12-03'),
(43, 50, '2024-02-06'),
(43, 34, '2025-11-01'),
(43, 105, '2025-05-23'),
(43, 18, '2024-01-17'),
(44, 74, '2025-12-04'),
(44, 48, '2024-08-01'),
(44, 67, '2023-05-15'),
(44, 37, '2024-06-14'),
(44, 50, '2023-06-14'),
(45, 42, '2023-03-07'),
(45, 25, '2023-12-19'),
(45, 43, '2025-09-22'),
(45, 125, '2025-10-27'),
(45, 123, '2025-01-05'),
(46, 115, '2025-01-03'),
(46, 19, '2025-04-08'),
(46, 22, '2024-03-02'),
(46, 51, '2024-11-13'),
(46, 99, '2025-07-20'),
(47, 9, '2025-10-04'),
(47, 89, '2023-09-05'),
(47, 92, '2025-09-16'),
(47, 13, '2025-03-28'),
(47, 90, '2025-10-17'),
(48, 81, '2025-12-19'),
(48, 62, '2023-07-10'),
(48, 130, '2023-12-14'),
(48, 38, '2023-06-17'),
(48, 16, '2023-10-21'),
(49, 55, '2024-09-09'),
(49, 104, '2024-07-14'),
(49, 87, '2025-05-09'),
(49, 2, '2025-07-07'),
(49, 102, '2023-06-29'),
(50, 114, '2023-06-27'),
(50, 119, '2023-12-21'),
(50, 43, '2023-07-29'),
(50, 34, '2025-12-20'),
(50, 45, '2024-02-27'),
(51, 122, '2023-01-21'),
(51, 47, '2025-09-08'),
(51, 19, '2024-05-21'),
(51, 110, '2024-10-09'),
(51, 61, '2025-11-13'),
(52, 121, '2024-09-27'),
(52, 71, '2023-05-18'),
(52, 14, '2024-10-12'),
(52, 69, '2024-12-20'),
(52, 33, '2024-03-25'),
(53, 47, '2025-09-26'),
(53, 130, '2024-03-29'),
(53, 62, '2023-12-29'),
(53, 119, '2023-03-20'),
(53, 79, '2023-06-20'),
(54, 43, '2023-12-28'),
(54, 2, '2023-04-20'),
(54, 71, '2025-09-22'),
(54, 94, '2025-05-04'),
(54, 52, '2023-06-11'),
(55, 117, '2024-09-04'),
(55, 105, '2023-09-12'),
(55, 5, '2025-08-23'),
(55, 44, '2025-06-02'),
(55, 75, '2025-08-06'),
(56, 110, '2024-07-22'),
(56, 3, '2024-07-22'),
(56, 114, '2025-02-16'),
(56, 10, '2025-12-04'),
(56, 25, '2025-03-16'),
(57, 35, '2025-01-01'),
(57, 39, '2023-12-25'),
(57, 34, '2025-12-05'),
(57, 87, '2024-12-22'),
(57, 58, '2025-11-22'),
(58, 128, '2023-02-26'),
(58, 56, '2023-12-09'),
(58, 107, '2025-06-06'),
(58, 126, '2025-12-06'),
(58, 130, '2024-01-05'),
(59, 102, '2025-08-15'),
(59, 125, '2023-07-31'),
(59, 33, '2025-10-24'),
(59, 115, '2024-10-31'),
(59, 11, '2025-10-14'),
(60, 125, '2024-11-17'),
(60, 70, '2023-10-20'),
(60, 41, '2023-11-29'),
(60, 111, '2025-08-07'),
(60, 62, '2024-04-12'),
(61, 71, '2024-09-14'),
(61, 51, '2024-09-07'),
(61, 48, '2023-12-17'),
(61, 10, '2023-05-30'),
(61, 121, '2024-01-29'),
(62, 28, '2024-03-27'),
(62, 36, '2023-12-21'),
(62, 64, '2023-07-06'),
(62, 25, '2025-05-09'),
(62, 81, '2024-06-09'),
(63, 59, '2023-11-19'),
(63, 45, '2023-10-30'),
(63, 127, '2024-02-01'),
(63, 65, '2024-06-02'),
(63, 43, '2024-10-19'),
(64, 97, '2024-08-14'),
(64, 6, '2025-09-29'),
(64, 112, '2023-09-11'),
(64, 117, '2024-02-16'),
(64, 49, '2023-10-12'),
(65, 81, '2023-06-03'),
(65, 85, '2024-03-10'),
(65, 25, '2023-07-07'),
(65, 3, '2025-03-17'),
(65, 71, '2025-02-28'),
(66, 128, '2025-05-28'),
(66, 75, '2023-02-13'),
(66, 74, '2025-06-25'),
(66, 73, '2024-06-23'),
(66, 11, '2024-06-08'),
(67, 3, '2025-08-17'),
(67, 20, '2024-03-07'),
(67, 8, '2024-09-24'),
(67, 38, '2023-10-14'),
(67, 79, '2025-07-30'),
(68, 101, '2023-03-06'),
(68, 13, '2025-04-13'),
(68, 130, '2024-02-13'),
(68, 48, '2024-11-30'),
(68, 106, '2025-04-21'),
(69, 88, '2024-05-18'),
(69, 97, '2023-11-07'),
(69, 111, '2024-05-29'),
(69, 47, '2023-06-17'),
(69, 82, '2023-07-17'),
(70, 9, '2023-05-15'),
(70, 126, '2024-09-19'),
(70, 81, '2023-02-26'),
(70, 129, '2024-04-20'),
(70, 54, '2025-02-08'),
(71, 88, '2023-04-23'),
(71, 9, '2025-07-08'),
(71, 110, '2024-08-31'),
(71, 8, '2024-12-28'),
(71, 6, '2023-11-18'),
(72, 13, '2025-04-18'),
(72, 9, '2025-01-28'),
(72, 115, '2024-10-12'),
(72, 55, '2024-07-23'),
(72, 23, '2023-12-01'),
(73, 39, '2024-08-05'),
(73, 113, '2025-05-02'),
(73, 59, '2024-08-16'),
(73, 117, '2025-04-26'),
(73, 118, '2024-02-22'),
(74, 8, '2024-04-22'),
(74, 107, '2024-09-22'),
(74, 65, '2025-01-31'),
(74, 116, '2025-01-27'),
(74, 124, '2024-04-13'),
(75, 28, '2023-12-30'),
(75, 22, '2025-10-17'),
(75, 104, '2023-02-19'),
(75, 80, '2023-01-03'),
(75, 58, '2024-09-12'),
(76, 78, '2023-09-12'),
(76, 82, '2024-11-29'),
(76, 121, '2024-12-16'),
(76, 24, '2025-01-12'),
(76, 126, '2024-03-03'),
(77, 67, '2024-06-06'),
(77, 92, '2024-04-09'),
(77, 43, '2023-12-12'),
(77, 90, '2024-02-20'),
(77, 121, '2024-03-29'),
(78, 47, '2023-01-21'),
(78, 129, '2025-04-22'),
(78, 1, '2024-02-09'),
(78, 23, '2024-06-01'),
(78, 49, '2023-02-13'),
(79, 93, '2023-09-10'),
(79, 36, '2023-07-28'),
(79, 2, '2025-04-23'),
(79, 76, '2024-11-10'),
(79, 37, '2023-04-06'),
(80, 81, '2023-05-07'),
(80, 24, '2023-01-02'),
(80, 34, '2024-09-20'),
(80, 2, '2023-12-05'),
(80, 63, '2025-01-06'),
(81, 27, '2024-11-26'),
(81, 91, '2023-10-07'),
(81, 127, '2025-06-25'),
(81, 54, '2023-03-22'),
(81, 64, '2023-08-09'),
(82, 45, '2023-11-06'),
(82, 91, '2025-01-02'),
(82, 56, '2023-02-13'),
(82, 27, '2025-05-09'),
(82, 11, '2025-11-05'),
(83, 32, '2024-10-20'),
(83, 42, '2023-05-13'),
(83, 122, '2025-10-12'),
(83, 30, '2024-06-11'),
(83, 79, '2024-04-16'),
(84, 128, '2024-01-04'),
(84, 70, '2024-04-25'),
(84, 45, '2024-06-03'),
(84, 83, '2023-04-01'),
(84, 39, '2025-10-25'),
(85, 5, '2025-12-13'),
(85, 21, '2025-11-21'),
(85, 72, '2023-03-04'),
(85, 15, '2025-07-03'),
(85, 96, '2024-09-27'),
(86, 114, '2024-08-28'),
(86, 122, '2023-01-25'),
(86, 110, '2023-05-09'),
(86, 42, '2023-12-07'),
(86, 111, '2025-03-06'),
(87, 57, '2025-09-18'),
(87, 94, '2023-06-03'),
(87, 27, '2023-03-16'),
(87, 21, '2024-06-05'),
(87, 127, '2025-12-17'),
(88, 60, '2025-06-21'),
(88, 107, '2024-01-09'),
(88, 127, '2025-07-22'),
(88, 74, '2025-09-30'),
(88, 123, '2025-04-28'),
(89, 2, '2025-04-10'),
(89, 110, '2024-07-17'),
(89, 74, '2023-12-20'),
(89, 50, '2023-08-29'),
(89, 128, '2024-03-27'),
(90, 125, '2024-09-13'),
(90, 21, '2025-08-03'),
(90, 67, '2025-11-08'),
(90, 115, '2024-11-10'),
(90, 41, '2024-07-11'),
(91, 5, '2023-03-27'),
(91, 64, '2023-03-16'),
(91, 67, '2023-07-06'),
(91, 30, '2025-09-04'),
(91, 7, '2023-05-27'),
(92, 82, '2023-09-01'),
(92, 115, '2023-09-13'),
(92, 14, '2023-05-09'),
(92, 104, '2023-09-04'),
(92, 26, '2023-06-30'),
(93, 87, '2024-12-28'),
(93, 41, '2024-11-25'),
(93, 92, '2024-11-26'),
(93, 83, '2025-03-20'),
(93, 123, '2025-03-25'),
(94, 64, '2023-03-06'),
(94, 11, '2023-05-07'),
(94, 112, '2025-06-23'),
(94, 74, '2024-06-01'),
(94, 58, '2025-06-20'),
(95, 96, '2023-06-15'),
(95, 119, '2023-08-17'),
(95, 14, '2025-11-28'),
(95, 1, '2025-01-29'),
(95, 86, '2023-07-23'),
(96, 91, '2023-09-24'),
(96, 116, '2025-04-23'),
(96, 22, '2025-12-25'),
(96, 31, '2024-12-26'),
(96, 45, '2023-12-11'),
(97, 80, '2023-10-05'),
(97, 45, '2024-08-22'),
(97, 51, '2024-08-27'),
(97, 77, '2025-12-25'),
(97, 25, '2025-02-12'),
(98, 65, '2024-05-01'),
(98, 23, '2024-07-09'),
(98, 3, '2024-08-02'),
(98, 87, '2024-04-02'),
(98, 92, '2024-06-19'),
(99, 74, '2025-03-13'),
(99, 124, '2025-05-11'),
(99, 66, '2025-06-14'),
(99, 119, '2025-11-27'),
(99, 10, '2024-08-27'),
(100, 78, '2023-10-10'),
(100, 16, '2024-10-30'),
(100, 127, '2025-08-16'),
(100, 34, '2025-10-22'),
(100, 73, '2024-10-01');


INSERT INTO Exam (ExamID, Date, StartTime, EndTime, Grade, DifficultyLevel, CourseID) VALUES
(1, '2023-01-10', '10:00', '12:00', 100, 'Easy', 5),
(2, '2023-01-11', '10:00', '12:00', 100, 'Hard', 5),
(3, '2023-01-12', '10:00', '12:00', 100, 'Easy', 2),
(4, '2023-01-13', '10:00', '12:00', 100, 'Medium', 3),
(5, '2023-01-14', '10:00', '12:00', 100, 'Easy', 4),
(6, '2023-01-15', '10:00', '12:00', 100, 'Medium', 6),
(7, '2023-01-16', '10:00', '12:00', 100, 'Medium', 7),
(8, '2023-01-17', '10:00', '12:00', 100, 'Hard', 8),
(9, '2023-01-18', '10:00', '12:00', 100, 'Easy', 9),
(10, '2023-01-19', '10:00', '12:00', 100, 'Easy', 10),
(11, '2023-01-19', '10:00', '12:00', 100, 'Easy', 11),
(12, '2023-01-19', '10:00', '12:00', 100, 'Easy', 12),
(13, '2023-01-19', '10:00', '12:00', 100, 'Easy', 13)


INSERT INTO StudentExam (StudentID, ExamID) VALUES
(1, 1),
(2, 1),
(3, 1),
(4, 1)




INSERT INTO StudentAnswer (StudentID, ExamID, QuestionID, StudentAnswer) VALUES
(2, 1, 1, 'SELECT'),
(2, 1, 2, 'CURRENT_DATE()'),
(2, 1, 3, 'OR'),
(2, 1, 4, 'CREATE TABLE'),
(2, 1, 5, 'MAX'),
(2, 1, 6, 'WHERE'),
(2, 1, 7, 'CREATE TABLE #temp'),
(2, 1, 8, 'HAVING'),
(2, 1, 9, 'INTERSECT'),
(2, 1, 10, 'WHERE'),
(1, 1, 1, 'SELECT'),
(1, 1, 2, 'CURRENT_DATE()'),
(1, 1, 3, 'OR'),
(1, 1, 4, 'INSERT INTO'),
(1, 1, 5, 'MAX'),
(1, 1, 6, 'WHERE'),
(1, 1, 7, 'NEW TEMP TABLE'),
(1, 1, 8, 'HAVING'),
(1, 1, 9, 'INTERSECT'),
(1, 1, 10, 'HAVING')




delete from Instructor where InstructorID = 1
delete from Department where DeptID = 2
delete from branch where branchID = 1
delete from Course where CourseID = 2
delete from Exam where ExamID = 1
delete from Question where QuestionID = 3
delete from Student where StudentID  = 1






EXEC sp_DeleteAllData;
